{
  "primary": "#000000",
  "secondary": "#000000",
  "background": "#000000",
  "darker_bg": "#000000",
  "lighter_bg": "#1A1A00",
  "text": "#FFB000",
  "grid": "rgba(255, 176, 0, 0.1)",
  "line": "#FFB000",
  "border": "#FFB000",
  "success": "#FFAA00",
  "error": "#CC8800",
  "border_light": "rgba(255, 176, 0, 0.4)",
  "corner_gap": "#000000",
  "corner_bright": "#FFB000",
  "panel_bg": "rgba(0, 0, 0, 0.95)",
  "scrollbar_bg": "rgba(255, 176, 0, 0.1)",
  "selected_bg": "rgba(255, 176, 0, 0.2)",
  "button_hover": "#1A1A00",
  "button_pressed": "#0D0D00",
  "chart_bg": "rgba(0, 0, 0, 0.25)",
  "terminal": {
    "theme": {
      "foreground": "#FFB000",
      "background": "#000000",
      "cursor": "#FFB000",
      "cursorAccent": "#000000",
      "selection": "#FFB000",
      "selectionForeground": "#000000",
      "black": "#000000",
      "red": "#CC8800",
      "green": "#FFAA00",
      "yellow": "#FFB000",
      "blue": "#CC8800",
      "magenta": "#CC8800",
      "cyan": "#FFAA00",
      "white": "#FFB000",
      "brightBlack": "#997700",
      "brightRed": "#FFE000",
      "brightGreen": "#FFCC00",
      "brightYellow": "#FFE000",
      "brightBlue": "#FFB000",
      "brightMagenta": "#FFB000",
      "brightCyan": "#FFCC00",
      "brightWhite": "#FFE000",
      "scrollbar": {
        "background": "#000000",
        "thumb": "rgba(255, 176, 0, 0.3)",
        "thumb_hover": "rgba(255, 176, 0, 0.5)"
      }
    }
  }
}